0.png,YRh8E0MJ6BUQvU4C71K82I
1.png,aAqlvlqbSdkIUYx0
2.png,A5tlmpyG8Ck7tNgmsR1xBFXwOGJXX5ZdcydF6cezgjGYX1jo2y9paXv
3.png,52OmOge0ZuoS6
4.png,DS5M2TjWccIfgZ4aQFl9dtyvhJulPi16hpiveaGKeOq01aXCFq
5.png,9t43UKkfUQZkdpdVlYtjjPy9d87VCVdPmHm
6.png,s8UjEscGWeo3vyPSyBTZNARS48TUpyXCkIg1RDkguWtvc
7.png,NjKHtQmnPEnWXDw3l42GhWJFDAArvPVaYu6
8.png,Pg1kqvgOiB31oX9QV023PW3Ks3l6NWmw4gicR3ovL
9.png,6or8Q5u1GOqSX
10.png,0BXOmm4IEU
11.png,YUZzi7ZurpJZ1APcW3W3M5S9kIWUqzW06J5KrpfTN6buuztrDRMr7jth
12.png,DEqTrMhdKjo4K9FGDYIkkmK2fmio1D0EoMmYplvx2k52vwZ31NfRiJ18v7PQeR
13.png,JiIP5NDQCAqm1hkOA0Z5dBxbG5xZjbN4CmQCkjItlAipaUtn1
14.png,uBurYTSRF7KJaxMTMFEdYzj4zOxNjzrJq2dXdjYb1T6
15.png,tOoCYj9Kn7RzzfNTRiXYb63TDvYFQWh
16.png,HhzLBggY0FdFAWlbDeqxNBNMoZR6MJyR
17.png,0RNX1Zqv1miGjS6jKPt
18.png,I2Io05Bi4zELp98H7hgkACGvIEIts8SwOg3bZzwMmowsOLPzqTp
19.png,1AGMkx2ByySjF6SnVMoyc
20.png,Bnosns6PpvKS4moeqTeyOeMXBcfIWqYxxfp96c5EwEKwi22CQIyIQ
21.png,lTjJ2OrYsR6Y4
22.png,MwgBRgVFJVgx3RBH8cJYR
23.png,XrmLSZSOYIdhTt9UQ7zVYFdoTZAW37q
24.png,Uzv0SUDzkNttRSs4EIdeJbaFWUHW13aoP8qpxTRB5Sd
25.png,SU6uamStp38WM2JxTppi3Pq9s2S
26.png,Uebfyha3B6hPeFM3MouhY1bIdtMz
27.png,Dy0NDUVrpUKnMFJca
28.png,ZqXz9e9jumJfXTrk0pTacNCtvXR7RZWeaCRlVFUlYjrTnFCjqE8
29.png,02SUZXw9QNt7365BoQuUv0vEVFyF5Afgrc1oGDHhUiX0dNm2
30.png,SzKgUSYReldWeZSZb8Fos1HbYIl5I2D7c6HM5lSXLRlv3m8nHKXpp4
31.png,9TZj16sTLUYFsIRVF7SfxcEhiPB8lmd9UF26gQ9DcOkSlXiLbsYJx
32.png,xA3uSsLewyegNEL5faQlIUPEOFat3ym6rao
33.png,p5nijAdsL2GodTJnOEYZC6bzsrrU0QPDHSZV1jgmRoJd5XTMxS7c5WaqIQfOPBd
34.png,S99VXWYbKkdVLGKTJyqNYv254G06ORujn27qluP4KK1dyMEeCOXb4Xu0k
35.png,2f3VpBJWSZE769K7rwGQHog1ltM2MV3fJYMz5m5clpKkddh
36.png,9swKeDgS2S4xaY
37.png,9RR3Bi0Bu3F6GvPFCmYoVy2bDcp2GPwD
38.png,uKzTuhrvPweVDaG1Iayt0QAo8RgKsG5il3jvzNDCWpRgAAxnR11u6PZp27oAt
39.png,Hc4yboHqQDoBE4AMUNUiGJOcH9
40.png,UJF3RDkm9ikx344CMjG1aiVDLOjHRvLi6NToSIVVhlzROJH4Se
41.png,YFrbRNKpvcux4
42.png,2txGrAr9K1pClvNkhUN1VWcTDhA63JUTCDVe4ZCB
43.png,whlQBrGEN43bHzd4ar1wknqK15CkV2fkASEZDU9GUS
44.png,EhrljBIjtvfJ0mzZUT6SOrQrB6F8RoodU4ftCUMVAqi21Jz
45.png,jypWKGRGWvU
46.png,K7erIgJqJcAj0sWinZI3WVmo9zZsEWS5
47.png,hFXKlumiiVFL1RPhYJDmtb327lx
48.png,on3lisn1wNlckgjB
49.png,LmxSwXZp5G6z9B8
50.png,P1PLbm0HXwU6ziV
51.png,V5yObFrB9g4ugSoX6HYv1wsUBGmVpkpELmL
52.png,1ssB2ZaCbog8hLVrZpbgkRVmYs2xez6uZZ7FYxUh0gdUO6mm
53.png,0vOODZRkZ7UE55U9uJI3GiQ6Jv6etVyVuh1cS
54.png,QUefO3odSIw4j5XiDxxhY0laNvdxOdRfMcIC8o9iAGwWlND1xS9
55.png,JBFPX60Extt8YT7Fu9suwDMJwyEc0CO6BnNLE
56.png,8uAP7Li20OSSae7wzix34G
57.png,SQKyNkKDyFl8BJiIwPwzlkh246S5JuTv7HsM6
58.png,U2FOSvMETQVKlIFfWzNxwvbEH
59.png,PRu3WKKoDS6f8EABVxIZfGqW36QmXDZKbfpCREotE0Ye16TRKe6
60.png,ghuXQfHhYr0O3Jv
61.png,AslSO8aaDby2HTuNkYEcR1cwOhTBzDkTZShwu7ktjsrALP5x8
62.png,AXZeRh7rCDxkXz8ME1mtfI6UFnAaByEODS2NucWPHT
63.png,WP2i7Go5N9vHm8
64.png,PBBF0Y2gioOIJRUj9mHJgFGiQLYXgD8uozDmN7e6LT56VWdHIsxK3rVcm
65.png,gDenMynrXnYzgHGKHqhCebqbkNtlV2v9jpRP2I4VatsPQLIqMuJO
66.png,ZmR19bMlM0qw
67.png,ojuArEfSBgB646vVjy9Y
68.png,k9C5enBdm3VSyIrFyj2U4
69.png,PNgFlOwgzn4Gkeqch5AjN8VPFMG29hp
70.png,8HLLdfxwQ27T51sHiN
71.png,6IedLHlQbvMuwcL1XPjccClrl1mymV0C70zs
72.png,0WfU96bNyQLU75H22fatpuyvgKPE8Eis
73.png,P1iYwkl9DZEYTMgvijfl
74.png,yRdhdIzZmaNqWEI1B7a0
75.png,7lJI6uWHb3zVRvG6nH9oIR4qxkauB4oLO0vQn1
76.png,0uzAVqmxbS1O
77.png,lhdKxj2g7tg1pzNM
78.png,7aBGa6yMH2NXYRtj9fihZItk0bAS57AFFtZmHBw2Bzkx6gPe
79.png,4SopPQA9aFTT9or0yeKQaOBpH0imh7j
80.png,vN4fy901ynjxkD9cioJ6k6uiz405OoBKqg4XF3
81.png,LWoapMTEZu98xVyR2XLEnCueC
82.png,dFeDK1pGnwhffkdzC0aE5Ktmj2JKWVn5MfR
83.png,Ldiy2Q1BNuIK1yDtRph
84.png,o8oW0igkbMmmAuTOecKuS4GOFhXNanafK0hXCo8JCU2OI4172l
85.png,C4ArTRkCvKR
86.png,T0yMrswHq13Epwb03lhYRp8z
87.png,6MlIqOtBajRQaBrM1Y0Ghi2nbmJwxOMmcnTm2QXt
88.png,ZKGDZIjIJsNR1PqaLMf9OGFctlQcYtkvG8FXJvyhaDYNMY5tTjWk2KCW
89.png,qOOtQvjvgKjQikp23vMt8lq4wik
90.png,1BZ7m7WnWGnhIdV3ACbfuhV4pwLcVLSEpdTBsn2d
91.png,VuJq7osg8tTW9
92.png,MVsxveqfp5MHPC0DXxRYQF9
93.png,EvxkqCggrLFAfkEIa545Jj9ETnskOWidH0aUZdoHtVEoKt5x9NIJmcZY7EJX
94.png,P35Da6U7LZVun
95.png,Ojx5bn3yNqnwEXyuqlUVtz
96.png,kKyavwrULnml8ZEwejaxx8gyZNv0CgyIEDzbb
97.png,aCGmgY83gIHYjuMWh6BU4tTv99uc1pIw2sUuquZDvLLp
98.png,sAUTrNaRrdBsfwS0YIACO0LwFW46CDUa6aHeAlVrvIBjphNnZhH6S2ajNzb
99.png,QezJEIrP7gF4Dkq06nDZwafH
100.png,viEC7BLSh2MkE5QVtyDaTbp5rDNyb5fkdv2wdbQoxtY
101.png,7NCfPM2SSZHFFrp3338YyaRiabq2kgfbO6UhSN1q6dAREEfqL
102.png,33dEyVqYd8Xhau9EnIaInl2hg0nuHp0g1PXJinJRccu6zUokpDKLCg6X1SWN
103.png,rizS26J0hGelbDRa5W28B9zbJvfpYWRjQ4teshK
104.png,Chs4lffSrMKoZ66NGb5aJTryhOMkey8XgJjhTcd2nee4MX7NCrtZ1
105.png,6IBWSfdwHf0fhAJXjYM4
106.png,NDSOdnGkIgFMxl46ZtZy38FFHUa36
107.png,67rzSuRkCNSAEYYrYbqk7WpD
108.png,AygnfSU3hPEuj
109.png,HuDX2VjTQIyoMunwAS5RhIx980Jmwbct3lxz9
110.png,jO4QBoafLURAwMu1s
111.png,1bCQXQpyvLHN8DGcKDNQBHBF
112.png,LzXZv7qY3AzWnRRwtRpZzjaa1C4YuMk95DhwAQXKc88MMUx5EYzWTl
113.png,srbP9kfhQnJmxBFQ6SSzHjUOdlEtQt44X2jUsG0GwA6GzGKwfRIiumVGN2mTvNA
114.png,794gdyJ0alYzON
115.png,vMrTRfB2RP7lj9cs
116.png,xYjLQkJFrAO
117.png,O7Wkya9pE9EEE
118.png,wWblNTiTgXM6XFHHwdJ5
119.png,dQ4ZGJHRELygz4es0DhCa3
120.png,7TBOCY5z8zOLZE1wiu8wc55RMvuqQCKifaFsrHR
121.png,TeoKyQuKITgQOxkl1WhhqUVv8l0msmKHqY0k
122.png,Z7wVDDPnEn0ohmQ3bnmHRQGfy8DMPn23ht27tSJiGqQ1Ab54j3XY
123.png,PwAGw13Ax6yvkEF774PThf00
124.png,f414O0r7fOjZcnTcYDmP9Ibnu8qhUOzpGduTKhsdkXPaidQKdlCrlJekZ
125.png,KiEVpsUvCSijC7FF32
126.png,ewF4EHvzeYZXdL8NDCgYO182RT9B8wDQS78fPGQ2d3
127.png,A16SaftMo7cRZByvQlR3NNLPCdWebDXEiAa
128.png,omeZZ5KPMPqE6XwqzjMui1ZQmI7NCKxUVxJxqGBU0aMqqFPqzlQ40OIudEkLX0
129.png,u9jlA40qfHTBXHN9SQd5vx
130.png,VbNBu7ppgffrPxNVFtfWO
131.png,dzsrrkAQWHv8TZGi1qnuOyT0o
132.png,8f9aegVR7zj
133.png,rvnoILpGBCx1YL0O
134.png,v6uYyOORaIR4p0ReiPj
135.png,vjThspbrEbWX7o4xsoVHCQHkXO2
136.png,YPqFEUp9265PLBVgsoH32K6PqVHlQAjgez3PGaAWu8HYotXsg
137.png,zVIxZN3F5yasXBG5AefOlakIDqjwvuX
138.png,YOBqmyjzfdYLtMI4cyxyKG2TL
139.png,7mSyTGd7pycGDgjgdxELrefdSxgGjnheseID4gbhOHXUFs
140.png,UcTUBbdTpw0OB1wedTkhHiGKxkfn4AJrSgoIyhvL9nkD
141.png,lBkajkznVqHqjZSG82SYcXQgFVCJmerIh591sJLvmIlttp
142.png,TvLOcWHnMd8GpxouwdErPL
143.png,pKHE1x2xkgOu0987EGqdyXKIhXC
144.png,EFkTtzG9aZgc8Zo5KUAtXl5OQiwR3VWiaoedXbeGNn
145.png,OgA9BhHtVtyu7Gw4eL166lkJYd6a7cVFkLeNUnSpjq1pD7LFhxWdOrh3
146.png,IOEkxO30PKRki
147.png,egoduzUi9gYtcF3DItTvXrzLmJ175J45k2L591yJ5v3uqEUlfg1
148.png,qzj9jE5T2d4hmzNkly1PhJoCe1yMxF7vOPc498B1fsM
149.png,ljezcAZIqnVzvcduEqEcMk98ng9XVkVo8
150.png,3h6KsQBJsnxcoILjzKExh5Aw1U
151.png,vNzhgpjvKNVhj8uXSpWpoch4h00ZUmZJeYjk
152.png,DxlGc7DL2nQXoYBwuyqdLQOEmGnxcmVm
153.png,7wAgxYWKb0R6kKSCbB2Zcm1PnoNk0IQBzmLp5xd2kPZ
154.png,LrjCWNu5ZtybFdNLv6qOgZccdBnNhRFQa3u2OG9zNHZ
155.png,g5IeZZuNG3
156.png,lf1gAUrnBj9CgODHJadcQ28yQshoLGGBP
157.png,SIS0xSwajTbCvYVg2QyBa6z1e
158.png,3dRx22c8fst47G4eL
159.png,k6RuAIx7Jw7WfgI0AUH
160.png,QJey4D2ydHT9QF9F6Vz0pfoyF8ut0
161.png,fZhmU6DDo5Za1osFuHJyDrXebUuqYK
162.png,Eey5JPGZGX2svRFxpfFHrMP1QpLUbECBiro9bfrfZqeTpVUDR6e7PjcUvv
163.png,PCpqZQoKkJ2atfdColA3OT0FaeMCn18GqRsDuWNDjfO9Z7bQ618j
164.png,KsErpLPMdN2h9PcT7ODIJeIok8x6CxBSomiZyfV
165.png,ltSU5wl2ffYO3AWkBrGGWwgv2Q2gZsw0yTFxSKhwTSr5CY2H7kO1C8xRQSF
166.png,zUfXjuROTtmDTZ1L22WN48rQ2GAW9
167.png,Ek9GpDbvfqmARtf8vwzkpxuicqXFEN8nZpsLoR8AMxHOdvtWvw
168.png,v2zfbQTw1h1GDpyHxdSGUZzEHDLRElJAMKoPRTY4JD7pmTcoRV8ZLiomz7g
169.png,GHXIljAa9yK0aueRv6VE8N3PYCDcC
170.png,TDY3wYKoq2LoA
171.png,GrN4FW6ItpGNw1aA1or6R6qgZdKQCuS7CgER8vVWOtCoGH7HO1CmOcDa21j
172.png,hTpphDdlBq8Emj0cHofQzodx
173.png,rCuAdDX9SXvew8J7eChUgaIxEeMKje2Cb
174.png,DhgBBNP8wGRqNsmDwX1v2GzjesreE0OzuEk3Lht5TQi9AMLLpP
175.png,TBi0RPyPUxmLJN5cGdqoI
176.png,BdBpTzn1wolbkvei1t0OKysAQJciF
177.png,BTcW0YDtc2JXrq9FYGNHGkgaP0WPk2nFwGZ
178.png,NH2Vp8qw3uOX6Ve61e6GE1AcxUtZafH9y4IgLtXhwjzCF411q7F268WUx57JFcB
179.png,kkp6AKkHHCzovG0gO7xUYYMa6Gb46bqr4IXCfDsjrxnI1zwADajE9C
180.png,haFwNoQZajbJ0BZGifB8ky1m6K1DYm8SVf59cg7kQ9jNS
181.png,CaGUcdFuTZaCrQV4zjQdBf5fjbU7oKd0L6LwXE3
182.png,NODpTD6j2o9xBfJ74BEvqxwx24hw3STPzgYFNEFjI9qDFs4WAQI
183.png,Jq4VUTERCYK
184.png,S1u8XI02jKvdn5BvCxH3EzYhqGwYNDQty
185.png,pFOnoot2kIFCpujaCj2beLpyUhcEgCxKm3Htj
186.png,4VGttXCZaKx9calWqeNRs9A04kdJAe
187.png,PXBZrybb0JqtLAlaZkxAfzriz1dBk3kjjDOMZSdkNAdCG4w9oF1kIa
188.png,4vT4ccqI2QU3cvTyb5uAJ4L8sx5cs2cpFqk3T4n4V1yWjdJJq
189.png,dud6eihJR217s9Dr5xD5jTDMn1f7iNkLDMqTu6UkWmaoI1g7eQf69NG
190.png,HX2Jg6yutl3
191.png,8Ew2bmDmnmOn2SR
192.png,9c5VesU3zz6icHiacWP8We82BpqfccRmdPFwQ20dP
193.png,oZj5Z5q7vjKfjozcHbEgN0M4UAWOdoadMzs78hcmuC0ZHBniIa
194.png,QVDBGhrSvU9da4bQgJhDBQpOWg97YSgVqCLh885F2Rp7QclYev
195.png,tISy563a89rzjT0Kgqakr7s4
196.png,tmCOYoFZvy8iS1smtN21dPDgMe1
197.png,Q9priHe91Ta3
198.png,fzAwThLn2fJKUWJpNrICAtU3WcvAzD
199.png,4A4yIrnThHgVOEHhmnGcksjSphXfFwpBnzOEt3om3wbDna5wX0758rg
200.png,ITIy03DoPo19L2WsNOmYGCFiRZW0qZpyYbMhilAcalXXHq4UuOaTW2bsHR2ESJj
201.png,tcroaUHpmiUDPwuU8aMVQyb4S6X2fOzZH3PejmACP1eVDdfrtFyPq
202.png,rnsT4fxL70rZGt3lov
203.png,k6OzuRmXGf4aYdLdU8aoQHf7fDebFd6vjayeJy4bO8YC9ZYeq
204.png,TWvrKdnYjdXUsmTmBVjiLw
205.png,hOQUs80RzmAXYeMECPsWGd1a1o
206.png,9uPqJPOkhAwISB224cOXzd626dhnpVrvj3VfFn
207.png,dSrvNZ8GUo4jRHYEpPBzJuF20deK8Oq5
208.png,s4AAwaZ9P8X
209.png,0TGYBe821q6WmOMmDx2Bh0UOjHtFsaiCuhT5S7YDLMvVVLDZuHqOop6bgCYf
210.png,waAd0x6NBj87fI5O9ZDEZHlC6to4bKpocft
211.png,FB53p2CFdOrC3WtS2JhKCP0EriL5PcehPI4FH0qKf5bs1MvgS3QPVBEdc
212.png,pBkM4teTMyunmfjcdpVoWO5hrhCL
213.png,QnFINvYZLSbdZyvYxil5Tk
214.png,KUjffsD6lnawZocTpWFuTgCu44
215.png,p0GpRCIPvL7KIWw8FSAfPtnYaYRinlUrBu3vlIsW
216.png,ggY2iTH6tCn
217.png,L93HdhB9i1q5lB12NFMYNEQ4FHChOYt33IScgRY9CStHEDZE66odgN8Oy0qtgY
218.png,MPt240sUbdpuaCu6G5qDah3zEC3UpZ0S3KKCohWTCA
219.png,BZXSrcE0A10NDcmTYvP5U9En5RnDwix2lLnNkfJS
220.png,me80TF7t89SxH6yZBBbMEuOm0zozEgcohSpNNhk
221.png,uEadpqGqExiFPbBPMDOdIUDtlh
222.png,JNPILWlUG5xNArm87lyjQemP1O7AsTp0YorPpnzajalWCtkqPOEcvBlskUfcO02
223.png,07nuOECYLLyyrByZ1YPpQrrRy68gBl56LQdyPRWtQ
224.png,mvSTQcwaWAgUYXd8kruRs36Q0c1mbIAV7q9mMNU7vbgFrhyVgH4j84NK
225.png,VLS9UOnLRgElmFRJsel8DpXT4mFVq3bn9zOc7Xiai1WzkEO4DnoKWhY6TGXfxYv
226.png,fOUXmBJno3sxelKDW0I9pxcIvNsL02nywXHZzVmV1lSyP1T
227.png,lcVLAGWk5sl6RArwPr76j
228.png,ERg0yo9sZ1fzjptont97wHVTWcQXd63k6xnGZnAUDbEhG
229.png,5XXMcN5RFkT36jtpZuKKDIxq1qTz1rjJ
230.png,1MPG6OTwqcZaDzEDnenknAaHdmR86rNIn
231.png,T8QsA4GEcbudXQPJXB3bXjHsswnsifiUZSyLG0RfUag
232.png,0rwcMatp1GXstlpdZL1hpPV004R45N8YebVUdUcOzW2gPHDJWX1f
233.png,NRA9a154dGR5KdI
234.png,zPBnDvLqQyx9MSv41259lsdZHyoydGVT1dz0vHEv4MAiREdSpAgtG3
235.png,1qLQxXt6XEzOcnxlDrfByUHTD05Fo4aQmPcjt5e52omTHeZhWOWdyeYKbD8f
236.png,AoD6TbprAKmGK6hpWuOMNh90IkrYxsi1Puix3lEof
237.png,XabpcyMECQPsftfRJCRRJzfLN436xnKOWe7op3PIGffahJew0q43PsxVQI
238.png,85KQpIIXMlXKry0blJuTK5uiAm93izDNsUHIqvrIbJ9zDoxDHLjdgf1sXegIR
239.png,zgL8hP66PU5Ifybs34fpeWo
240.png,rr6eEbKM0e7QTIhOhtmQywyaPkgG
241.png,isct4npMISpcHKhsQSXiKGbJHobDFHeUkTci
242.png,FEvsCaYgGcu3j5a5zhmYGa2Bv3MZeOxa5t
243.png,36vGYbyxZKNOQqxHIPGbQxKq9dZj0Sv2VKKReKPP2AWxuwKHtsu
244.png,PsFFrE1qQEQfJc
245.png,x1KxcQZLTD62GPNLHY9ex5MygtVovlaz1
246.png,s5YgAHUSEVOMnExZzJ6yMQn0VfRpPUzfYLHRQPzRC3EmNs1dKcwX
247.png,5snwJ3dI9UDYTunn5O5DRzkJvHDJVl1TMM
248.png,8e2ZPmT5qv4gXhmq8CIKI5eF4
249.png,p2R52loNucMFq0JJa5nnqoSlf
250.png,pdR19IuQiQeR9jyhugRzZ4379NYOiT3wOMkO7ga8HPkKsK3PhFPe8IPmBy
251.png,n2pbqu9zlz3LB49yoK5C4aF4RxFDtyf9o8ms5TTBva9Ff1BxDW2jk5DrimMD0HK
252.png,laVzeiRIjckJX5xPN5xyhvfPGLqo1Aa93zFub5WLddGl0s1SsM0iVpQtkW9WYlp
253.png,DakEh1IAE0pEQRr1EXN5ayVtXrHem7HNRp5
254.png,xXwlvAoO50PwfRRspM3BZICZuJsuGe976XAoiUzpLxSC4
255.png,4DDA2fuaSwXRCxnnUrcBNbg2QfNobfV5i
256.png,BPGHxOwrHt
257.png,1J8cYPFldBMbFKss2f7mku
258.png,3q2b60poW8U3m7fhdAgf7RV92Zp4XH5ij2VupdaEGfLWQpcMcPEINr5ZKMdgh
259.png,Dzf1LZE0rGwFS8VzIaRPxqqVHjUpQRIs6FmfoqjYv
260.png,IaSjUutom8dd19IFRPMYLQLDXX8sNOHxJPKAUsS
261.png,9N3GdpoMwdSD6Kaa
262.png,AJDnEMIQJ8gD4ikRHfqC2jELCREEMSFryAeMR73qkAHYf2ariOzLQQ
263.png,rbLFzi1n3TlifFDq
264.png,qVW1t3IxPAu8t7erpr
265.png,8myV23wlvORX8vRIztT
266.png,ZD9jjgZr6FR6
267.png,1E4W79XGxptJHr3tH2jg9cYPX63rM7ufY
268.png,RSuGeYu0OjsqftRVRrqpYcoc073IgmW2WsPkWKD4kQyaVddmEM2b
269.png,zWJohoiWxoi9Mmc5GLeA7KI25IBd4HDy0mznChAkS
270.png,huRMcZt7FC0L4WtULNStEtFCjCxtzVoJNtJOrUmqYXbwa
271.png,H4RLjlNBBwBm
272.png,7RhbfU8mUJmWgMUkouMidSWxfTsOzURrK
273.png,mb63dZA7ifdhfxKk9GvvIfBV2K
274.png,D3jrWE9N6lL9SZLaC63jeWvzZZAhV3cpj50iQ
275.png,4eiG5B2Pww8YEH6jg1VEHwlP2WWlbXU
276.png,loPKyrtc7GME8V6aKLuciHXoSj0Xz4sabbTQqzJBKjvtiu
277.png,q1MbcubiYWX
278.png,q7WHt96783sr8h9K3I4s7FrfsfL2rpeORRrSeTrT389tJM3suL
279.png,xoRN7vLrv3Kssl
280.png,LKx1kiIl4vPIIBpTKLwcpHNwBPUnIF1A
281.png,uWHHHu8Uo95WtB9P5tCETmP9Djis64z8u73Ymwg6XZ
282.png,tXAP8WI5v5B8j4IA2
283.png,DdedKYXWUlKSlXfPw4hw4828FHV2xD6c8f2mCC9O3GNH41AN8Hr1neyVG
284.png,CCoe90SJ3d
285.png,TdcLWlLZU5nCQUEb4vyCjuGB3jk5Cb0FoQ5OeiDR1VoLslhiXz1VTKe
286.png,0DRmcefun8FRkIwwbW2pfDdbEygIItlhxKlTwxeg2PjVVY8an8
287.png,5ps5wsTtdnv1hqkY1DBTBSJBBfZMEnMjyUONZElbjfisrDAJ1WbpOLSkDlvX
288.png,cyIS32LLaq01U3VHszQDzoqn7EZIQEYWw7w1FaT4zFA87DgcYK0ulfW
289.png,hawq2zPeGphUu4rFHnE8uPXZI
290.png,ltSgDKrf1kNwAZWgC6xQWL5
291.png,oY97jz75ww9Jrp2xqduYGHOU9lZ11G7QpGCmjxYgubVvGXxg
292.png,0QR7YLaTZi4BFtOhdZB249I0Dzx95soZW
293.png,lEH79FsjzJR4SFGE
294.png,yMUNNgCHmNAlRgq0
295.png,uEAVkjjXEjX
296.png,wdMjgVbKgZiE970OA9O73o
297.png,VxJAwh9DdPwQ9jovzmWkzJ1didHc0KBv4r7MX4wK
298.png,JvS5UgEFe4opbmI3NYr7MTb
299.png,tAQUQ1Nmxhzj7Tx54AiPChkfSMNAMCJYEZJR9
300.png,DsUL8tou1V0GmT4DmNIYTwSgWyLUZgqBZvyiwKfL1eUIJgIraOTky0yPXt8vz1Zu